Mean_Tmean,SD_Tmean,Mean_Tmax,Mean_Tmin,Mean_RH,Mean_Precip
23.446290248257128,2.9155988562713526,29.566837857674834,18.459223008271394,56.696747519751916,20.381507126464793
